id,permalink
mblernp,https://www.reddit.com/r/AFL/comments/1ikcp73/why_did_the_demons_struggle_so_much_with/mblernp/
lj6aapz,https://www.reddit.com/r/AusFinance/comments/1cid12g/what_super_fund_are_you_with/lj6aapz/
mnqm5mw,https://www.reddit.com/r/AFL/comments/1k223yy/australian_football_what/mnqm5mw/
lnadocp,https://www.reddit.com/r/pornID_alt/comments/1fhjazo/who_is_this/lnadocp/
mqapq32,https://www.reddit.com/r/ADHD/comments/1kd9c8z/can_someone_help_me_understand_what_it_looks_like/mqapq32/
jo00tvz,https://www.reddit.com/r/productivity/comments/147y1n5/procrastination_my_psychiatrist_said_i_need_to/jo00tvz/
mq2khjk,https://www.reddit.com/r/youtube/comments/1kcgp2p/do_yall_overall_believe_these_guys_ruined_this/mq2khjk/
lnjsu8i,https://www.reddit.com/r/NVG_NSFW/comments/1fivn85/nvgcastingcouchhd_mini_compilation_names_in/lnjsu8i/
mk58f4z,https://www.reddit.com/r/AusFinance/comments/1jlo0eh/only_20_working_years_left_what_would_you_do/mk58f4z/
kd34f72,https://www.reddit.com/r/Ni_Bondha/comments/18goduk/whos_ur_favourite_pstar/kd34f72/
mpaj2e1,https://www.reddit.com/r/melbourne/comments/1k8ysdg/volunteering_advice_please/mpaj2e1/
l5hrd26,https://www.reddit.com/r/ask_Bondha/comments/1czkphs/deleted_by_user/l5hrd26/
mqassv3,https://www.reddit.com/r/ADHD/comments/1kd9c8z/can_someone_help_me_understand_what_it_looks_like/mqassv3/
lszoaxt,https://www.reddit.com/r/lewdgames/comments/1g6u30m/a_tierlist_by_someone_who_played_a_ton_more_porn/lszoaxt/
mk41hnm,https://www.reddit.com/r/melbourne/comments/1jlgqh7/warning_247_locksmiths_scam/mk41hnm/
kquyecj,https://www.reddit.com/r/Ni_Bondha/comments/1at0i3v/this_post_is_for_all_the_pussies_both_mf_among_us/kquyecj/
mnqnj8r,https://www.reddit.com/r/AFL/comments/1k223yy/australian_football_what/mnqnj8r/
l3rstta,https://www.reddit.com/r/HolUp/comments/1cqez7r/happy_mothers_day/l3rstta/
mbw4o1b,https://www.reddit.com/r/auscorp/comments/1iln8de/deleted_by_user/mbw4o1b/
mn4jo5k,https://www.reddit.com/r/melbourneriders/comments/1jz1mkw/best_daily_jacket/mn4jo5k/
lkn4uoj,https://www.reddit.com/r/Ni_Bondha/comments/1f47olf/mia_khalifa_is_not_that_hot/lkn4uoj/
mq9pwtw,https://www.reddit.com/r/ADHD/comments/1kd9c8z/can_someone_help_me_understand_what_it_looks_like/mq9pwtw/
g1dr6d0,https://www.reddit.com/r/WatchItForThePlot/comments/i8zzmk/italian_actress_pamela_prati_in_la_moglie_in/g1dr6d0/
mwn1fay,https://www.reddit.com/r/melbourne/comments/1l68g32/whats_a_niche_survival_hack_youve_learned_living/mwn1fay/
d9uf56l,https://www.reddit.com/r/AskReddit/comments/5c79n0/you_can_have_sex_with_one_real_person_from_all_of/d9uf56l/
mfr3wvz,https://www.reddit.com/r/adhdaustralia/comments/1j2dr0b/to_those_of_you_who_manage_without_medication/mfr3wvz/
